Region,Region_Fully_Covered,Cluster,Pre_COVID_Mean,COVID_Mean,Shock_Magnitude_pp,CV_%,Trend_Slope_pp_per_Month,Pre_COVID_Mean_Participation,COVID_Mean_Participation
Andhra Pradesh,True,0,5.0375,13.576250000000002,8.538750000000002,91.64026344829692,0.796971566740277,40.028,37.745
Assam,False,0,6.372631578947368,6.578571428571428,0.2059398496240598,46.79810367502918,-0.0227355780691953,45.99473684210526,41.81142857142857
Bihar,True,1,13.833000000000002,31.63125,17.79825,66.78742036822798,1.5258750018588445,38.483999999999995,37.32875
Chandigarh,False,0,16.325,14.325,-2.0,34.44431492344953,-0.2575683468100881,40.156,35.239999999999995
Chhattisgarh,True,0,7.706499999999998,13.075,5.368500000000001,62.879620500809295,0.5217661101794359,44.9485,37.46625
Delhi,True,0,14.230499999999996,22.1575,7.927000000000001,41.15201528502867,0.893495734628711,41.4745,32.5675
Goa,False,0,8.507499999999999,13.1075,4.600000000000001,75.86857279110897,0.5209976548497729,39.1065,39.965
Gujarat,True,0,5.175999999999999,10.38375,5.20775,70.2596468883371,0.486504803802384,47.948,41.48375
Haryana,True,0,22.9355,34.6525,11.717000000000006,29.66577295981741,1.1944416619519618,43.2755,41.39125
Himachal Pradesh,True,0,19.129,17.06875,-2.06025,51.81999496109768,0.0385080931960223,46.921499999999995,37.47375
Jammu & Kashmir,False,0,17.22,12.888,-4.331999999999999,34.01355384777807,-0.2452465337909563,42.478125,36.4
Jharkhand,True,1,14.279500000000002,36.34875,22.069249999999997,81.00435234711534,2.106142630840657,42.501999999999995,39.5925
Karnataka,True,0,3.2345,15.28,12.0455,121.3813902141948,0.9878171445754872,40.4795,43.51
Kerala,True,0,6.9925,17.9525,10.96,68.1487555675604,1.0547897093883116,36.9545,29.65125
Madhya Pradesh,True,0,4.741,14.07,9.329,104.74305826589551,0.8838415793347909,39.441500000000005,37.27125
Maharashtra,True,0,5.369999999999999,13.02625,7.656250000000002,67.00519801341193,0.6878243089409051,43.792,38.58125
Meghalaya,False,0,4.003000000000001,7.072857142857143,3.069857142857142,85.49214375094706,0.2008630109431255,58.1185,54.115714285714276
Odisha,True,0,3.4085,11.28125,7.87275,98.16244842591702,0.5967131669194694,40.878499999999995,34.04625
Puducherry,False,1,1.593,38.955000000000005,37.36200000000001,235.994282986749,3.18854785095568,40.0575,35.443333333333335
Punjab,True,0,10.9945,14.6225,3.628,57.58971652786268,0.376722837344719,42.6435,37.375
Rajasthan,True,0,12.757,17.311249999999998,4.554249999999998,42.20007796124401,0.5707184012132508,40.7115,38.1275
Sikkim,False,0,6.257272727272727,9.068333333333332,2.8110606060606065,79.87233818431952,0.2044866684408002,48.459999999999994,41.68833333333333
Tamil Nadu,True,1,2.8365,25.40375,22.56725,155.69659472739923,2.0082445295907703,44.1005,32.80125
Telangana,True,0,4.656,15.4425,10.7865,110.42441851283232,1.2252631966947722,54.90599999999999,48.24375
Tripura,True,0,29.009500000000003,26.7025,-2.307000000000002,21.369519975804867,-0.1877170916575751,64.3915,55.405
Uttar Pradesh,True,0,10.619,17.3825,6.7635000000000005,45.43990723856584,0.4864536773513027,39.6935,38.78
Uttarakhand,False,0,5.8015,8.815714285714286,3.014214285714286,50.45348280338766,0.2641771233896351,34.007999999999996,33.11142857142857
West Bengal,True,0,6.569999999999999,12.01125,5.441250000000002,47.58012102248918,0.4654165314780042,46.8745,41.775
