Region,Pre_COVID_Mean_z,COVID_Mean_z,Shock_Magnitude_pp_z,CV_%_z,Trend_Slope_pp_per_Month_z,Pre_COVID_Mean_Participation_z,COVID_Mean_Participation_z
Andhra Pradesh,-0.6995345009155065,-0.45304682804897856,0.07664707282650912,0.40299864806924884,0.08249099531634785,-0.6083652223721215,-0.2596741168671867
Assam,-0.4960968628288219,-1.2596157516678514,-0.8905124795930788,-0.6337953285759357,-1.0044424754154426,0.33234786500272834,0.4522313867039188
Bihar,0.6406598095225442,1.628015022290598,1.1513642107448787,-0.17162305031032757,1.049018547965531,-0.8517915784093514,-0.3325465799281492
Chandigarh,1.0203726424043154,-0.3667441384648327,-1.1465480497219247,-0.919426837654595,-1.3158312414953364,-0.5881847990736984,-0.698221912585414
Chhattisgarh,-0.2928516955537699,-0.5108220843482152,-0.2913125369240944,-0.2619751516578158,-0.2824320433056102,0.1673986279395282,-0.30847459513323605
Delhi,0.7012279680580585,0.5360482704404419,0.0056434323360330125,-0.7643383368511203,0.21048225350753935,-0.38031067314423805,-1.1660937625083514
Goa,-0.17080114212748615,-0.5070760577552472,-0.3805095908136421,0.03834195094397583,-0.283451016757119,-0.7536485041650666,0.1289790194579495
Gujarat,-0.6784308783817484,-0.8210219018351377,-0.30997021605583797,-0.09134182478954207,-0.329188612850767,0.6402984692178108,0.39486503332902967
Haryana,2.027632546804376,1.9762514174907337,0.44553521404245633,-1.029911335950182,0.6095372127809383,-0.09636581095314335,0.3786711526488155
Himachal Pradesh,1.4476257657592464,-0.050493047250807915,-1.153541052320292,-0.517684359276311,-0.923233233077885,0.4784609339378774,-0.30716157778078623
Jammu & Kashmir,1.156746232062897,-0.5323761450523692,-1.4172149718695177,-0.9293864491204017,-1.2994924904238105,-0.22207960023111367,-0.4951418954065139
Jharkhand,0.7086942316259596,2.171765190054484,1.6470839468050715,0.15708612687055964,1.8184546958828545,-0.21831547830728723,0.06376582428627667
Karnataka,-0.9742625256690514,-0.2566685878099285,0.483663037338118,1.0906421791889533,0.33555264983987193,-0.5371819323780738,0.7495985547158784
Kerala,-0.401645821828884,0.0513700604887434,0.35767292413433915,-0.14014766772395337,0.4243584175787063,-1.0929318708698048,-1.676638676385908
Madhya Pradesh,-0.7447130141375953,-0.3961360394250426,0.168368571637459,0.7059478996840758,0.19768082242687787,-0.7008325525637235,-0.3426130462969304
Maharashtra,-0.6488705695618994,-0.5164411242376671,-0.02578155444418171,-0.1665878211439285,-0.0622385077652726,-0.014934649752865485,-0.11327268206903617
Meghalaya,-0.8571640858337216,-1.2026432153528226,-0.5581078144795864,0.2608481918437673,-0.7079502562798108,2.243774993878846,2.6063301403515293
Odisha,-0.9477496713667126,-0.717573936690869,-0.000653171663326904,0.5537978542973447,-0.1830520817920239,-0.4742757691275214,-0.9072105078503365
Puducherry,-1.2243823551937014,2.4721677072213364,3.422058892633806,3.740602784862189,3.2537263902771842,-0.6037142654400632,-0.6626245532523298
Punjab,0.20814982712490812,-0.3324535873445875,-0.49332616385286204,-0.3842828327310197,-0.47475974100450063,-0.1960066509891073,-0.3244496395880421
Rajasthan,0.4767067564804948,-0.022541925749432156,-0.38581963013107495,-0.7401061170976354,-0.21752119809634407,-0.500604915149682,-0.1927102318922478
Sikkim,-0.5136744055123558,-0.9726399268864173,-0.5881454054217711,0.13091286779030845,-0.7031452784952066,0.7210201624115024,0.4306812288875207
Tamil Nadu,-1.0349068705675044,0.9102186958995861,1.704885030522697,1.8840427987516042,1.6886415990428552,0.0337033235874739,-1.1251713883569996
Telangana,-0.7576646958370137,-0.2379384548450886,0.33753539797970467,0.8373064273053744,0.6504066354075645,1.7372936669555301,1.5783313403370987
Tripura,2.953144483772226,1.059915681672421,-1.182180444704477,-1.221728705274943,-1.2232083240562794,3.2327733950585986,2.8320440757012317
Uttar Pradesh,0.15093386855865393,-0.014329482834079043,-0.12939986265484385,-0.6651981399379704,-0.32925640663696476,-0.6611023441949536,-0.07847772222911628
Uttarakhand,-0.5831217383466166,-1.001757393663992,-0.56456608243943,-0.5492794381326771,-0.6239956043976643,-1.5574757556260854,-1.0708687421378276
West Bengal,-0.4660232985112871,-0.6334324162949736,-0.282868703911128,-0.6157143333790469,-0.357151708176236,0.47105093475798815,0.4458538738491625
