Period,Region,Mean,Median,SD,N
COVID,Andhra Pradesh,13.57625,12.170000000000002,10.77627942354344,8
COVID,Bihar,31.63125,29.18,17.76636182508957,8
COVID,Chhattisgarh,13.075,9.175,9.51086746832275,8
COVID,Delhi,22.1575,19.4,9.88661396607988,8
COVID,Gujarat,10.38375,9.605,7.66407377219937,8
COVID,Haryana,34.6525,34.894999999999996,7.679259171858404,8
COVID,Himachal Pradesh,17.06875,14.260000000000002,16.77296671731033,8
COVID,Jharkhand,36.34875,31.625,24.034261519458305,8
COVID,Karnataka,15.280000000000001,13.4,11.115421719395085,8
COVID,Kerala,17.9525,16.8,8.735480606616411,8
COVID,Madhya Pradesh,14.07,12.219999999999999,12.46120952625157,8
COVID,Maharashtra,13.026250000000001,12.5,6.576273233591891,8
COVID,Odisha,11.28125,9.725,8.105556185199667,8
COVID,Punjab,14.6225,10.530000000000001,12.506890386617178,8
COVID,Rajasthan,17.31125,13.45,8.96331481651738,8
COVID,Tamil Nadu,25.40375,25.439999999999998,19.355765429378987,8
COVID,Telangana,15.442499999999999,8.71,13.126592148328957,8
COVID,Tripura,26.7025,26.58,9.881751941258768,8
COVID,Uttar Pradesh,17.3825,14.97,8.458108113351525,8
COVID,West Bengal,12.01125,12.54,5.509266058196863,8
Pre-COVID,Andhra Pradesh,5.0375,4.77,1.4169495589581087,20
Pre-COVID,Bihar,13.832999999999998,13.364999999999998,3.91148659315369,20
Pre-COVID,Chhattisgarh,7.7065,8.245000000000001,2.4454345755218836,20
Pre-COVID,Delhi,14.230500000000001,13.5,3.251348667537017,20
Pre-COVID,Gujarat,5.176,5.25,1.1639831794769473,20
Pre-COVID,Haryana,22.935499999999998,23.91,4.834993577527983,20
Pre-COVID,Himachal Pradesh,19.128999999999998,19.009999999999998,5.123145518136295,20
Pre-COVID,Jharkhand,14.279500000000002,15.41,5.985068680079049,20
Pre-COVID,Karnataka,3.2344999999999997,3.255,2.0394490355047004,20
Pre-COVID,Kerala,6.9925,6.66,1.8446419564155045,20
Pre-COVID,Madhya Pradesh,4.7410000000000005,4.41,1.462369742287461,20
Pre-COVID,Maharashtra,5.37,4.87,1.6963676364204594,20
Pre-COVID,Odisha,3.4085,3.4299999999999997,0.9936973753030699,20
Pre-COVID,Punjab,10.994499999999999,11.79,2.57519641560549,20
Pre-COVID,Rajasthan,12.757,13.66,3.7652819842679275,20
Pre-COVID,Tamil Nadu,2.8365,1.955,2.3965046366915734,20
Pre-COVID,Telangana,4.656000000000001,5.125,2.2966850252620965,20
Pre-COVID,Tripura,29.009500000000003,27.345,3.8184902982585576,20
Pre-COVID,Uttar Pradesh,10.619,11.22,2.471809267041367,20
Pre-COVID,West Bengal,6.57,6.785,1.0719681849167375,20
