Region,Area,Date
Assam,Rural,2019-12-31
Assam,Rural,2020-04-30
Chandigarh,Rural,2019-05-31
Chandigarh,Rural,2019-06-30
Chandigarh,Rural,2019-07-31
Chandigarh,Rural,2019-08-31
Chandigarh,Rural,2019-09-30
Chandigarh,Rural,2019-10-31
Chandigarh,Rural,2019-11-30
Chandigarh,Rural,2019-12-31
Chandigarh,Rural,2020-01-31
Chandigarh,Rural,2020-02-29
Chandigarh,Rural,2020-03-31
Chandigarh,Rural,2020-04-30
Chandigarh,Rural,2020-05-31
Chandigarh,Rural,2020-06-30
Chandigarh,Urban,2020-04-30
Chandigarh,Urban,2020-05-31
Goa,Rural,2020-03-31
Goa,Rural,2020-06-30
Goa,Urban,2020-05-31
Goa,Urban,2020-06-30
Jammu & Kashmir,Rural,2019-09-30
Jammu & Kashmir,Rural,2019-12-31
Jammu & Kashmir,Rural,2020-04-30
Jammu & Kashmir,Urban,2019-08-31
Jammu & Kashmir,Urban,2019-09-30
Jammu & Kashmir,Urban,2020-04-30
Jammu & Kashmir,Urban,2020-06-30
Meghalaya,Urban,2020-06-30
Puducherry,Rural,2020-05-31
Puducherry,Rural,2020-06-30
Sikkim,Rural,2019-05-31
Sikkim,Rural,2019-06-30
Sikkim,Rural,2019-07-31
Sikkim,Rural,2019-08-31
Sikkim,Rural,2019-09-30
Sikkim,Rural,2020-01-31
Sikkim,Rural,2020-02-29
Sikkim,Rural,2020-03-31
Sikkim,Rural,2020-05-31
Sikkim,Urban,2020-01-31
Sikkim,Urban,2020-02-29
Uttarakhand,Rural,2020-03-31
