Date,Observations,Regions_Reported,Rural_Observations,Urban_Observations,Expected_Observations,Missing_Observations,Coverage_%
2019-05-31,54,28,26,28,56,2,96.43
2019-06-30,54,28,26,28,56,2,96.43
2019-07-31,54,28,26,28,56,2,96.43
2019-08-31,53,28,26,27,56,3,94.64
2019-09-30,52,27,25,27,56,4,92.86
2019-10-31,55,28,27,28,56,1,98.21
2019-11-30,55,28,27,28,56,1,98.21
2019-12-31,53,28,25,28,56,3,94.64
2020-01-31,53,27,26,27,56,3,94.64
2020-02-29,53,27,26,27,56,3,94.64
2020-03-31,52,28,24,28,56,4,92.86
2020-04-30,51,26,25,26,56,5,91.07
2020-05-31,51,27,25,26,56,5,91.07
2020-06-30,50,27,25,25,56,6,89.29
