Region,Shock_Magnitude_pp,Interpretation
Puducherry,37.36200000000001,Observed increase in mean unemployment from Pre-COVID to COVID; review coverage and baseline.
Tamil Nadu,22.56725,Observed increase in mean unemployment from Pre-COVID to COVID; review coverage and baseline.
Jharkhand,22.069249999999997,Observed increase in mean unemployment from Pre-COVID to COVID; review coverage and baseline.
Bihar,17.79825,Observed increase in mean unemployment from Pre-COVID to COVID; review coverage and baseline.
Karnataka,12.0455,Observed increase in mean unemployment from Pre-COVID to COVID; review coverage and baseline.
Haryana,11.717000000000006,Observed increase in mean unemployment from Pre-COVID to COVID; review coverage and baseline.
Kerala,10.96,Observed increase in mean unemployment from Pre-COVID to COVID; review coverage and baseline.
Telangana,10.7865,Observed increase in mean unemployment from Pre-COVID to COVID; review coverage and baseline.
Madhya Pradesh,9.329,Observed increase in mean unemployment from Pre-COVID to COVID; review coverage and baseline.
Andhra Pradesh,8.538750000000002,Observed increase in mean unemployment from Pre-COVID to COVID; review coverage and baseline.
