Date,Mean_Unemployment,Month_to_Month_Change,Absolute_Month_to_Month_Change,Period
2020-06-30,11.903599999999999,-12.971694117647063,12.971694117647063,COVID
2020-04-30,23.64156862745098,12.940991704374058,12.940991704374058,COVID
2020-05-31,24.875294117647062,1.2337254901960826,1.2337254901960826,COVID
2019-10-31,9.90090909090909,0.8491783216783215,0.8491783216783215,Pre-COVID
2020-03-31,10.700576923076921,0.7358599419448453,0.7358599419448453,COVID
2019-08-31,9.637924528301888,0.6040356394129986,0.6040356394129986,Pre-COVID
2019-09-30,9.051730769230769,-0.5861937590711186,0.5861937590711186,Pre-COVID
2020-01-31,9.950754716981132,0.45339622641509436,0.45339622641509436,Pre-COVID
2019-06-30,9.303333333333333,0.42907407407407305,0.42907407407407305,Pre-COVID
2019-12-31,9.497358490566038,-0.37100514579759825,0.37100514579759825,Pre-COVID
