Date,Mean_Unemployment,Median_Unemployment,Mean_Participation,Median_Participation,Mean_Employment,Observations,Regions,Month,Period,First_Difference,Rolling_3M_Mean,Rolling_3M_SD,Month_to_Month_Change,Absolute_Month_to_Month_Change
2019-05-31,8.87425925925926,6.87,43.90296296296296,42.985,7410148.444444444,54,28,2019-05,Pre-COVID,,8.87425925925926,,,
2019-06-30,9.303333333333333,7.57,43.75055555555556,42.45,7358641.574074074,54,28,2019-06,Pre-COVID,0.42907407407407305,9.088796296296296,0.30340118740911604,0.42907407407407305,0.42907407407407305
2019-07-31,9.033888888888889,7.16,43.70666666666666,41.94,7404425.314814814,54,28,2019-07,Pre-COVID,-0.26944444444444393,9.070493827160494,0.21686650592018997,-0.26944444444444393,0.26944444444444393
2019-08-31,9.637924528301888,7.27,43.64679245283019,42.41,7539815.188679245,53,28,2019-08,Pre-COVID,0.6040356394129986,9.32504891684137,0.3026027731954686,0.6040356394129986,0.6040356394129986
2019-09-30,9.051730769230769,6.24,44.301346153846154,42.715,7739463.961538462,52,27,2019-09,Pre-COVID,-0.5861937590711186,9.241181395473848,0.34370542366711143,-0.5861937590711186,0.5861937590711186
2019-10-31,9.90090909090909,7.29,44.00127272727273,42.69,7298382.4,55,28,2019-10,Pre-COVID,0.8491783216783215,9.530188129480583,0.43471979967024754,0.8491783216783215,0.8491783216783215
2019-11-30,9.868363636363636,6.94,44.11054545454545,42.71,7273660.636363637,55,28,2019-11,Pre-COVID,-0.03254545454545443,9.607001165501165,0.4811535216369144,-0.03254545454545443,0.03254545454545443
2019-12-31,9.497358490566038,7.24,43.66735849056604,42.56,7377387.8301886795,53,28,2019-12,Pre-COVID,-0.37100514579759825,9.755543739279588,0.22418634802960402,-0.37100514579759825,0.37100514579759825
2020-01-31,9.950754716981132,6.79,44.051320754716976,42.43,7677344.415094339,53,27,2020-01,Pre-COVID,0.45339622641509436,9.772158947970269,0.24152337585316738,0.45339622641509436,0.45339622641509436
2020-02-29,9.964716981132076,7.55,43.72301886792453,41.83,7603996.2830188675,53,27,2020-02,Pre-COVID,0.013962264150944037,9.804276729559747,0.265890654734809,0.013962264150944037,0.013962264150944037
2020-03-31,10.700576923076921,8.530000000000001,43.08403846153846,40.415,7516581.134615385,52,28,2020-03,COVID,0.7358599419448453,10.20534954039671,0.4289363083515711,0.7358599419448453,0.7358599419448453
2020-04-30,23.64156862745098,18.32,35.141176470588235,36.03,5283319.901960785,51,26,2020-04,COVID,12.940991704374058,14.768954177219994,7.692713295734838,12.940991704374058,12.940991704374058
2020-05-31,24.875294117647062,20.54,38.496862745098035,38.16,5879363.019607843,51,27,2020-05,COVID,1.2337254901960826,19.73914655605832,7.8518994774500275,1.2337254901960826,1.2337254901960826
2020-06-30,11.903599999999999,10.345,40.5484,38.67,7387008.66,50,27,2020-06,COVID,-12.971694117647063,20.140154248366013,7.159688475136126,-12.971694117647063,12.971694117647063
