Region,Total_Observations,Rural_Observations,Urban_Observations,Rural_Complete,Urban_Complete,Region_Fully_Covered,Overall_Mean_Unemployment,Overall_Median_Unemployment,Overall_SD_Unemployment,CV_%,Pre_COVID_Mean,Pre_COVID_Median,COVID_Mean,COVID_Median,Shock_Magnitude_pp,Shock_%_of_PreCOVID,Trend_Slope_pp_per_Month,Trend_p_value,Trend_R2,Peak_Date,Peak_Unemployment,Lowest_Date,Lowest_Unemployment,June_2020_Mean,June_vs_PreCOVID_Gap_pp,June_vs_PreCOVID_Gap_%,Peak_to_June_Reduction_pp,Peak_to_June_Reduction_%,Recovery_Status,Shock_Category,Volatility_Category,Baseline_Shock_Profile
Himachal Pradesh,28,14,14,True,True,True,18.540357142857143,18.354999999999997,9.607612137198085,51.819994961097684,19.129,19.009999999999998,17.06875,14.260000000000002,-2.06025,-10.770296408594279,0.03850809319602232,0.933681152498496,0.00027146451171545616,2020-05-31,50.0,2020-06-30,1.12,5.965,-13.164000000000001,-68.81697945527733,44.035,88.07,At / below pre-COVID baseline,Lower COVID-period mean,Moderate volatility,Higher baseline / smaller shock
Chandigarh,12,0,12,False,False,False,15.991666666666667,17.51,5.508220028174971,34.44431492344953,16.325,17.51,14.325,14.325,-2.0,-12.251148545176111,-0.2575683468100881,0.568253714200941,0.033643867609668504,2019-11-30,22.05,2020-06-30,7.22,7.22,-9.105,-55.77335375191424,14.830000000000002,67.2562358276644,At / below pre-COVID baseline,Lower COVID-period mean,Lower volatility,Higher baseline / smaller shock
Tripura,28,14,14,True,True,True,28.350357142857145,27.31,6.05833523285488,21.369519975804867,29.009500000000003,27.345,26.7025,26.58,-2.307000000000002,-7.952567262448515,-0.1877170916575751,0.51834772604329,0.01622336691749004,2020-04-30,43.64,2020-05-31,14.71,23.155,-5.854500000000002,-20.18131991244248,20.485,46.94087992667277,At / below pre-COVID baseline,Lower COVID-period mean,Lower volatility,Higher baseline / smaller shock
Assam,26,12,14,False,True,False,6.4280769230769215,5.4350000000000005,3.0082181027721635,46.79810367502918,6.372631578947368,5.08,6.578571428571428,8.37,0.20593984962405987,3.2316296191420033,-0.022735578069195326,0.8785110811175221,0.0009935455002253442,2019-10-31,11.17,2020-06-30,0.0,1.71,-4.6626315789473685,-73.16650148662042,9.46,84.6911369740376,At / below pre-COVID baseline,Small shock,Lower volatility,Lower baseline / smaller shock
Meghalaya,27,14,13,True,False,False,4.7988888888888885,3.73,4.102672987337114,85.49214375094706,4.003000000000001,3.9650000000000003,7.072857142857143,3.73,3.069857142857142,76.68891188751289,0.2008630109431255,0.32968426032512765,0.038028551741900514,2020-04-30,17.39,2019-09-30,0.24,1.35,-2.653000000000001,-66.27529352985262,16.04,92.23691776883265,At / below pre-COVID baseline,Small shock,Moderate volatility,Lower baseline / smaller shock
Gujarat,28,14,14,True,True,True,6.663928571428571,5.42,4.682052683176721,70.2596468883371,5.175999999999999,5.25,10.38375,9.605,5.20775,100.61340803709429,0.486504803802384,0.02338808848881132,0.18244906081129972,2020-04-30,25.94,2020-06-30,1.41,2.975,-2.200999999999999,-42.52318392581142,22.965,88.53122590593678,At / below pre-COVID baseline,Moderate shock,Moderate volatility,Lower baseline / smaller shock
Sikkim,17,5,12,False,False,False,7.249411764705882,5.77,5.790274681079727,79.87233818431952,6.257272727272727,5.48,9.068333333333333,5.789999999999999,2.8110606060606065,44.92469368976707,0.20448666844080027,0.569479591231803,0.022052628282491712,2020-03-31,20.45,2020-04-30,0.0,4.22,-2.037272727272727,-32.55847740810693,16.23,79.3643031784841,At / below pre-COVID baseline,Small shock,Moderate volatility,Lower baseline / smaller shock
Andhra Pradesh,28,14,14,True,True,True,7.477142857142858,5.404999999999999,6.85207341269123,91.64026344829692,5.0375,4.77,13.576250000000002,12.170000000000002,8.538750000000002,169.5037220843673,0.796971566740277,0.010069010354687147,0.22860282815087543,2020-04-30,32.3,2020-06-30,0.85,3.355,-1.6824999999999997,-33.39950372208436,28.944999999999997,89.61300309597523,At / below pre-COVID baseline,Moderate shock,Moderate volatility,Lower baseline / larger shock
Odisha,28,14,14,True,True,True,5.657857142857142,3.87,5.553891099869204,98.16244842591702,3.4085,3.4299999999999997,11.28125,9.725,7.87275,230.97403549948658,0.5967131669194694,0.018625695105902732,0.1950637103393375,2020-04-30,24.48,2019-07-31,1.78,3.385,-0.0235000000000003,-0.689452838492014,21.095,86.17238562091502,At / below pre-COVID baseline,Moderate shock,Moderate volatility,Lower baseline / larger shock
Uttar Pradesh,28,14,14,True,True,True,12.551428571428572,11.545,5.703357499971993,45.439907238565844,10.619,11.22,17.3825,14.97,6.7635000000000005,63.69243808268199,0.48645367735130274,0.06736090263974949,0.12293109499639475,2020-05-31,32.06,2020-01-31,6.06,10.780000000000001,0.16100000000000136,1.5161502966381144,21.28,66.37554585152839,Partial recovery,Moderate shock,Lower volatility,Higher baseline / larger shock
Rajasthan,28,14,14,True,True,True,14.058214285714286,13.66,5.932577388530172,42.20007796124401,12.757,13.66,17.311249999999998,13.45,4.554249999999998,35.700007838833564,0.5707184012132508,0.03725838744156921,0.1563856447731662,2020-04-30,35.53,2019-05-31,4.03,13.45,0.6929999999999996,5.4323116720232,22.080000000000002,62.144666479031805,Partial recovery,Small shock,Lower volatility,Higher baseline / smaller shock
West Bengal,28,14,14,True,True,True,8.124642857142858,7.13,3.8657149040735943,47.58012102248918,6.5699999999999985,6.785,12.01125,12.54,5.441250000000002,82.8196347031964,0.4654165314780042,0.007416709967803635,0.24494237564207624,2020-05-31,18.43,2020-02-29,3.78,7.4,0.8300000000000018,12.633181126331841,11.03,59.84807379272924,Partial recovery,Moderate shock,Lower volatility,Lower baseline / smaller shock
Jammu & Kashmir,21,11,10,False,False,False,16.18857142857143,16.0,5.506308460043158,34.01355384777807,17.22,18.905,12.888,14.29,-4.331999999999999,-25.156794425087103,-0.24524653379095637,0.421419306094765,0.03431981182957497,2019-10-31,24.06,2020-05-31,2.22,18.97,1.75,10.162601626016261,5.09,21.15544472152951,Partial recovery,Lower COVID-period mean,Lower volatility,Higher baseline / smaller shock
Uttarakhand,27,13,14,False,True,False,6.582962962962963,5.56,3.3213340864718974,50.45348280338766,5.8015,5.42,8.815714285714286,8.15,3.014214285714286,51.955774984302096,0.26417712338963517,0.0943276290577213,0.10791678173264901,2020-05-31,17.36,2019-05-31,1.63,7.8950000000000005,2.0935000000000006,36.08549513056969,9.465,54.521889400921665,Partial recovery,Small shock,Moderate volatility,Lower baseline / smaller shock
Bihar,28,14,14,True,True,True,18.91821428571429,15.01,12.634987301162163,66.78742036822798,13.833000000000002,13.364999999999998,31.63125,29.18,17.79825,128.66514855779656,1.5258750018588443,0.007208839564991357,0.24644967811437765,2020-04-30,58.77,2019-09-30,8.87,16.47,2.636999999999997,19.06310995445671,42.300000000000004,71.97549770290965,Partial recovery,Large shock,Moderate volatility,Higher baseline / larger shock
Puducherry,26,12,14,False,True,False,10.215000000000002,1.2349999999999999,24.106816007096416,235.994282986749,1.593,1.1749999999999998,38.955000000000005,39.53,37.36200000000001,2345.3860640301327,3.18854785095568,0.007174019481974242,0.2646252347085296,2020-04-30,76.74,2019-05-31,0.0,4.55,2.957,185.62460765850594,72.19,94.07088871514205,Partial recovery,Very large shock,High volatility,Lower baseline / larger shock
Punjab,28,14,14,True,True,True,12.031071428571432,11.08,6.928659930978966,57.58971652786268,10.9945,11.79,14.6225,10.530000000000001,3.628,32.99831734048843,0.376722837344719,0.2529110890311383,0.0499557361704293,2020-05-31,40.59,2020-04-30,1.13,15.275,4.2805,38.93310291509391,25.315000000000005,62.36757822123676,Partial recovery,Small shock,Moderate volatility,Higher baseline / smaller shock
Maharashtra,28,14,14,True,True,True,7.557499999999999,6.345,5.063917839863606,67.00519801341193,5.369999999999999,4.87,13.026250000000001,12.5,7.656250000000002,142.574487895717,0.6878243089409051,0.0020159942289631728,0.3117609369340747,2020-04-30,25.28,2019-12-31,3.03,9.705,4.335000000000001,80.72625698324025,15.575000000000001,61.60996835443038,Partial recovery,Moderate shock,Moderate volatility,Lower baseline / larger shock
Madhya Pradesh,28,14,14,True,True,True,7.406428571428572,4.95,7.7577197939933615,104.74305826589551,4.741,4.41,14.07,12.219999999999999,9.329,196.7728327357098,0.8838415793347909,0.011951794647533726,0.21934141347060782,2020-05-31,40.49,2020-03-31,1.19,9.59,4.849,102.27800042185193,30.900000000000002,76.31513954062731,Partial recovery,Moderate shock,High volatility,Lower baseline / larger shock
Karnataka,28,14,14,True,True,True,6.676071428571428,3.7199999999999998,8.103508311692655,121.38139021419481,3.2344999999999997,3.255,15.280000000000001,13.4,12.0455,372.40686350285984,0.9878171445754873,0.006601858762821374,0.25110011625900336,2020-04-30,33.17,2019-08-31,0.37,8.52,5.2855,163.4101097542124,24.650000000000002,74.31413928248418,Partial recovery,Large shock,High volatility,Lower baseline / larger shock
Delhi,28,14,14,True,True,True,16.49535714285714,15.02,6.78817189274864,41.15201528502867,14.230499999999997,13.5,22.1575,19.4,7.927000000000001,55.704297108323686,0.893495734628711,0.002947492913024386,0.29276507267784996,2020-05-31,45.78,2019-06-30,9.33,19.625,5.3945000000000025,37.90801447594957,26.155,57.131935342944516,Partial recovery,Moderate shock,Lower volatility,Higher baseline / larger shock
Jharkhand,28,14,14,True,True,True,20.585,17.285,16.674745930653692,81.00435234711534,14.279500000000002,15.41,36.348749999999995,31.625,22.069249999999993,154.55198011134837,2.1061426308406572,0.004635813138970694,0.2695858327808936,2020-05-31,70.17,2020-03-31,5.01,20.455,6.175499999999996,43.24731258097268,49.715,70.8493658258515,Partial recovery,Very large shock,Moderate volatility,Higher baseline / larger shock
Telangana,28,14,14,True,True,True,7.737857142857143,5.775,8.544483755353662,110.42441851283233,4.656,5.125,15.442499999999999,8.71,10.7865,231.6688144329897,1.2252631966947722,0.000963789452611265,0.34747781285529905,2020-05-31,36.57,2019-12-31,1.35,13.11,8.454,181.57216494845363,23.46,64.15094339622641,Partial recovery,Large shock,High volatility,Lower baseline / larger shock
Haryana,28,14,14,True,True,True,26.283214285714287,25.060000000000002,7.797118676542295,29.66577295981741,22.935499999999998,23.91,34.6525,34.894999999999996,11.717000000000006,51.08674325826779,1.1944416619519618,0.00032980460850011694,0.3965532886236652,2020-04-30,46.89,2019-05-31,14.54,32.49,9.554500000000004,41.65812822916442,14.399999999999999,30.710172744721685,Partial recovery,Large shock,Lower volatility,Higher baseline / larger shock
Tamil Nadu,28,14,14,True,True,True,9.284285714285714,2.7800000000000002,14.45531670190525,155.69659472739923,2.8365,1.955,25.40375,25.439999999999998,22.567249999999998,795.6019742640577,2.0082445295907703,0.0015033619725019055,0.32615040464587575,2020-04-30,53.19,2019-05-31,0.89,13.495,10.6585,375.76238321875553,39.695,74.6286896033089,Partial recovery,Very large shock,High volatility,Lower baseline / larger shock
Chhattisgarh,28,14,14,True,True,True,9.24035714285714,8.265,5.810301504347994,62.879620500809295,7.706499999999998,8.245000000000001,13.075,9.175,5.368500000000001,69.6619736585999,0.5217661101794359,0.05321418593962811,0.136268148473124,2020-06-30,27.07,2020-04-30,0.0,18.605,10.898500000000002,141.41958087328882,8.465,31.270779460657554,Limited recovery,Moderate shock,Moderate volatility,Higher baseline / smaller shock
Kerala,28,14,14,True,True,True,10.123928571428573,7.635,6.899331335977268,68.1487555675604,6.9925,6.66,17.9525,16.8,10.96,156.7393636038613,1.0547897093883116,0.00034186053958084434,0.39496419094619084,2020-05-31,30.28,2020-01-31,4.11,19.915,12.9225,184.80514837325705,10.365000000000002,34.23051519154558,Limited recovery,Large shock,Moderate volatility,Higher baseline / larger shock
Goa,24,12,12,False,False,False,9.274166666666668,6.33,7.0361778882687664,75.86857279110897,8.507499999999999,5.415,13.1075,13.835,4.600000000000001,54.06993828974437,0.5209976548497729,0.19952115795571146,0.07366595674869932,2019-11-30,25.2,2020-02-29,0.0,,,,,,No June 2020 data,Small shock,Moderate volatility,Higher baseline / smaller shock
