Region,Area,Period,Mean,Median,SD,N
Andhra Pradesh,Rural,COVID,8.915,9.26,7.610363548039826,4
Andhra Pradesh,Rural,Pre-COVID,4.171,3.935,0.9048812076731397,10
Andhra Pradesh,Urban,COVID,18.2375,17.395,12.454269348299803,4
Andhra Pradesh,Urban,Pre-COVID,5.904,5.835,1.323356003164345,10
Assam,Rural,COVID,4.383333333333334,3.77,4.719982344599749,3
Assam,Rural,Pre-COVID,4.526666666666667,4.46,0.6825686778632611,9
Assam,Urban,COVID,8.225,9.355,3.369436154611035,4
Assam,Urban,Pre-COVID,8.034,8.565,2.584239410993752,10
Bihar,Rural,COVID,32.0575,32.79,16.457770960856152,4
Bihar,Rural,Pre-COVID,10.655,10.18,1.6051531598781055,10
Bihar,Urban,COVID,31.205000000000002,26.799999999999997,21.56754583473357,4
Bihar,Urban,Pre-COVID,17.011000000000003,17.015,2.697992875371534,10
Chandigarh,Urban,COVID,14.325,14.325,10.04798736066084,2
Chandigarh,Urban,Pre-COVID,16.325,17.51,5.0123918663869675,10
Chhattisgarh,Rural,COVID,6.2725,7.475,4.368381660676335,4
Chhattisgarh,Rural,Pre-COVID,6.770999999999999,6.859999999999999,2.326334503510237,10
Chhattisgarh,Urban,COVID,19.8775,22.115000000000002,8.281623733705043,4
Chhattisgarh,Urban,Pre-COVID,8.642,9.235,2.295240486068701,10
Delhi,Rural,COVID,19.942500000000003,20.915,3.2970934169355886,4
Delhi,Rural,Pre-COVID,13.385,13.02,2.6228197294769102,10
Delhi,Urban,COVID,24.372500000000002,17.6,14.286983294827031,4
Delhi,Urban,Pre-COVID,15.075999999999999,14.1,3.7214698410410074,10
Goa,Rural,COVID,17.955,17.955,2.8920667350529805,2
Goa,Rural,Pre-COVID,6.476999999999999,4.495,6.764222957755179,10
Goa,Urban,COVID,8.26,8.26,4.949747468305833,2
Goa,Urban,Pre-COVID,10.538,11.6,7.047757405334298,10
Gujarat,Rural,COVID,8.895,9.795,5.764503447826187,4
Gujarat,Rural,Pre-COVID,4.726,4.725,1.1842128187112315,10
Gujarat,Urban,COVID,11.8725,8.504999999999999,9.89522906927037,4
Gujarat,Urban,Pre-COVID,5.6259999999999994,5.765000000000001,1.0039389091639654,10
Haryana,Rural,COVID,33.83,34.894999999999996,7.346568359898835,4
Haryana,Rural,Pre-COVID,21.486,19.835,6.244183426731366,10
Haryana,Urban,COVID,35.475,33.935,9.045604825917762,4
Haryana,Urban,Pre-COVID,24.384999999999998,24.43,2.3859926888218053,10
Himachal Pradesh,Rural,COVID,11.65,9.92,12.027122127369735,4
Himachal Pradesh,Rural,Pre-COVID,17.046,16.325000000000003,3.3796916361638023,10
Himachal Pradesh,Urban,COVID,22.4875,18.625,20.820415261628828,4
Himachal Pradesh,Urban,Pre-COVID,21.212,22.64,5.860481208911089,10
Jammu & Kashmir,Rural,COVID,12.396666666666667,16.0,8.937484731921689,3
Jammu & Kashmir,Rural,Pre-COVID,15.91,14.2,4.324313322862454,8
Jammu & Kashmir,Urban,COVID,13.625,13.625,0.940452018978107,2
Jammu & Kashmir,Urban,Pre-COVID,18.53,19.869999999999997,5.5303138634775,8
Jharkhand,Rural,COVID,30.84,31.625,22.066467773524607,4
Jharkhand,Rural,Pre-COVID,8.974,8.265,2.7963635115787233,10
Jharkhand,Urban,COVID,41.8575,40.43,27.928256151551366,4
Jharkhand,Urban,Pre-COVID,19.585,19.96,2.291444231629186,10
Karnataka,Rural,COVID,17.55,17.32,13.611708195520501,4
Karnataka,Rural,Pre-COVID,3.0940000000000003,2.885,2.503531727602251,10
Karnataka,Urban,COVID,13.010000000000002,11.0,9.44826615487378,4
Karnataka,Urban,Pre-COVID,3.375,3.375,1.5714059522181612,10
Kerala,Rural,COVID,17.65,17.045,9.285052503890325,4
Kerala,Rural,Pre-COVID,7.418000000000001,7.77,2.474980583537756,10
Kerala,Urban,COVID,18.255,16.8,9.57064435308999,4
Kerala,Urban,Pre-COVID,6.567,6.66,0.8097057078552266,10
Madhya Pradesh,Rural,COVID,10.6525,9.48,9.127728359235938,4
Madhya Pradesh,Rural,Pre-COVID,3.654,3.645,0.7328058709129207,10
Madhya Pradesh,Urban,COVID,17.4875,12.33,15.743691593778127,4
Madhya Pradesh,Urban,Pre-COVID,5.828,6.13,1.1627343252485114,10
Maharashtra,Rural,COVID,14.2375,13.145,8.77172113479827,4
Maharashtra,Rural,Pre-COVID,3.839,3.78,0.40489916440187107,10
Maharashtra,Urban,COVID,11.815,12.5,4.478292085159253,4
Maharashtra,Urban,Pre-COVID,6.901000000000001,7.09,0.8380460077532208,10
Meghalaya,Rural,COVID,3.685,2.54,3.330730650573034,4
Meghalaya,Rural,Pre-COVID,1.991,1.65,1.3890480353265127,10
Meghalaya,Urban,COVID,11.590000000000002,14.58,7.740936635834195,3
Meghalaya,Urban,Pre-COVID,6.015,5.55,1.831430831041372,10
Odisha,Rural,COVID,13.4025,12.27,8.540903055298076,4
Odisha,Rural,Pre-COVID,3.897,4.225,0.9079531314384507,10
Odisha,Urban,COVID,9.16,6.98,8.26763972767722,4
Odisha,Urban,Pre-COVID,2.92,2.79,0.8543483546605045,10
Puducherry,Rural,COVID,38.410000000000004,38.410000000000004,51.05310960166873,2
Puducherry,Rural,Pre-COVID,1.034,0.29,1.5473073385723988,10
Puducherry,Urban,COVID,39.2275,39.775,42.34748113327797,4
Puducherry,Urban,Pre-COVID,2.152,1.2349999999999999,2.803282995980883,10
Punjab,Rural,COVID,18.6975,15.254999999999999,16.05447263745112,4
Punjab,Rural,Pre-COVID,9.216,9.405000000000001,2.1827566668473763,10
Punjab,Urban,COVID,10.5475,10.260000000000002,7.934584110084156,4
Punjab,Urban,Pre-COVID,12.773,12.58,1.4854857043330227,10
Rajasthan,Rural,COVID,11.5075,11.35,1.9455312042387463,4
Rajasthan,Rural,Pre-COVID,10.695,11.485,3.8475338421730174,10
Rajasthan,Urban,COVID,23.115000000000002,21.945,9.687856660101174,4
Rajasthan,Urban,Pre-COVID,14.818999999999999,14.33,2.3828342134711953,10
Sikkim,Rural,COVID,2.905,2.905,4.108290398693841,2
Sikkim,Rural,Pre-COVID,6.53,5.48,6.122899639876517,3
Sikkim,Urban,COVID,12.15,12.76,9.273345315113275,4
Sikkim,Urban,Pre-COVID,6.154999999999999,6.095000000000001,2.4392153305051663,8
Tamil Nadu,Rural,COVID,25.084999999999997,22.544999999999998,24.878727861367828,4
Tamil Nadu,Rural,Pre-COVID,2.252,1.585,1.6138965958890372,10
Tamil Nadu,Urban,COVID,25.7225,25.439999999999998,15.967190057531516,4
Tamil Nadu,Urban,Pre-COVID,3.4210000000000003,2.3499999999999996,2.9598552892554273,10
Telangana,Rural,COVID,15.8625,12.465,13.841140066242135,4
Telangana,Rural,Pre-COVID,4.664,5.255,2.6662758046883797,10
Telangana,Urban,COVID,15.0225,8.71,14.491483418431208,4
Telangana,Urban,Pre-COVID,4.648000000000001,4.725,2.0065991129271437,10
Tripura,Rural,COVID,27.2,25.225,13.109937706437305,4
Tripura,Rural,Pre-COVID,27.153,26.585,2.7179119845122948,10
Tripura,Urban,COVID,26.205,26.58,7.4375556020330595,4
Tripura,Urban,Pre-COVID,30.865999999999996,33.465,3.966824086512198,10
Uttar Pradesh,Rural,COVID,13.6725,13.129999999999999,5.613866017876333,4
Uttar Pradesh,Rural,Pre-COVID,8.823,8.809999999999999,1.9387742404817419,10
Uttar Pradesh,Urban,COVID,21.0925,19.995,9.935087233302651,4
Uttar Pradesh,Urban,Pre-COVID,12.415000000000001,12.07,1.4041624629017198,10
Uttarakhand,Rural,COVID,5.98,3.66,4.09654732671307,3
Uttarakhand,Rural,Pre-COVID,4.553,4.74,1.286088384728411,10
Uttarakhand,Urban,COVID,10.942499999999999,10.665,5.427021128882154,4
Uttarakhand,Urban,Pre-COVID,7.05,7.165,1.8105800175634326,10
West Bengal,Rural,COVID,12.1775,12.67,7.206600562447364,4
West Bengal,Rural,Pre-COVID,5.7299999999999995,5.8100000000000005,0.8430236585582218,10
West Bengal,Urban,COVID,11.845,12.54,4.33734557842313,4
West Bengal,Urban,Pre-COVID,7.409999999999999,7.324999999999999,0.383695481107378,10
