Date,Mean_Unemployment,Median_Unemployment,Mean_Employed,Mean_Labour_Participation,Observations,Rolling_3M_Unemployment,MoM_Unemployment_%
2019-05-31,8.87425925925926,6.87,7410148.444444444,43.90296296296296,54,,
2019-06-30,9.303333333333333,7.57,7358641.574074074,43.75055555555556,54,,4.835041004987373
2019-07-31,9.033888888888889,7.16,7404425.314814814,43.70666666666666,54,9.070493827160494,-2.896214021258803
2019-08-31,9.637924528301888,7.27,7539815.188679245,43.64679245283019,53,9.32504891684137,6.686330182297517
2019-09-30,9.051730769230769,6.24,7739463.961538462,44.301346153846154,52,9.241181395473848,-6.082157598866367
2019-10-31,9.90090909090909,7.29,7298382.4,44.00127272727273,55,9.530188129480583,9.381391728584143
2019-11-30,9.868363636363636,6.94,7273660.636363637,44.11054545454545,55,9.607001165501165,-0.3287117803691064
2019-12-31,9.497358490566038,7.24,7377387.8301886795,43.66735849056604,53,9.755543739279588,-3.7595406844402546
2020-01-31,9.950754716981132,6.79,7677344.415094339,44.05132075471698,53,9.772158947970269,4.773919262555637
2020-02-29,9.964716981132076,7.55,7603996.2830188675,43.72301886792453,53,9.804276729559747,0.14031361990178848
2020-03-31,10.700576923076921,8.530000000000001,7516581.134615385,43.08403846153846,52,10.20534954039671,7.384654710597172
2020-04-30,23.64156862745098,18.32,5283319.901960785,35.141176470588235,51,14.768954177219994,120.93732700024282
2020-05-31,24.875294117647062,20.54,5879363.019607843,38.496862745098035,51,19.73914655605832,5.218458680290627
2020-06-30,11.903599999999999,10.345,7387008.66,40.5484,50,20.140154248366013,-52.1468974650019
