Metric,Value
Pre-COVID mean unemployment,9.509533582089551
COVID mean unemployment,17.774362745098042
Absolute COVID shock,8.264829163008491
Percentage COVID shock,86.91098350580137
Peak national mean unemployment month,2020-05-31
Peak national mean unemployment,24.875294117647062
Lowest national mean unemployment month,2019-05-31
Lowest national mean unemployment,8.87425925925926
Largest regional COVID shock,Puducherry
Largest regional shock magnitude,37.36200000000001
Smallest regional COVID shock,Jammu & Kashmir
Smallest regional shock magnitude,-4.331999999999999
Balanced regions for Rural-Urban analysis,20
