Region,COVID,Pre-COVID,Shock_Magnitude,Shock_%_of_PreCOVID,CV_%
Puducherry,38.955000000000005,1.593,37.36200000000001,2345.3860640301327,235.994282986749
Tamil Nadu,25.40375,2.8365,22.567249999999998,795.6019742640577,155.69659472739926
Jharkhand,36.34875,14.279500000000002,22.06925,154.5519801113484,81.00435234711534
Bihar,31.63125,13.832999999999998,17.798250000000003,128.6651485577966,66.787420368228
Karnataka,15.280000000000001,3.2344999999999997,12.0455,372.40686350285984,121.38139021419481
Haryana,34.6525,22.935499999999998,11.717000000000006,51.08674325826779,29.66577295981741
Kerala,17.9525,6.9925,10.96,156.7393636038613,68.14875556756044
Telangana,15.442499999999999,4.656000000000001,10.786499999999998,231.66881443298962,110.42441851283236
Madhya Pradesh,14.07,4.7410000000000005,9.329,196.77283273570976,104.74305826589551
Andhra Pradesh,13.57625,5.0375,8.53875,169.50372208436727,91.64026344829693
Delhi,22.1575,14.230500000000001,7.926999999999998,55.70429710832365,41.15201528502867
Odisha,11.28125,3.4085,7.87275,230.97403549948658,98.16244842591702
Maharashtra,13.026250000000001,5.37,7.656250000000001,142.57448789571697,67.00519801341193
Uttar Pradesh,17.3825,10.619,6.7635000000000005,63.69243808268199,45.439907238565844
West Bengal,12.01125,6.57,5.44125,82.81963470319634,47.580121022489195
Chhattisgarh,13.075,7.7065,5.368499999999999,69.66197365859988,62.87962050080927
Gujarat,10.38375,5.176,5.207749999999999,100.61340803709426,70.25964688833707
Goa,13.1075,8.5075,4.6,54.069938289744336,75.86857279110902
Rajasthan,17.31125,12.757,4.5542500000000015,35.70000783883359,42.200077961244006
Punjab,14.6225,10.994499999999999,3.628000000000002,32.99831734048845,57.58971652786269
Meghalaya,7.072857142857143,4.003,3.069857142857143,76.68891188751293,85.49214375094706
Uttarakhand,8.815714285714286,5.8015,3.014214285714286,51.955774984302096,50.45348280338766
Sikkim,9.068333333333333,6.257272727272727,2.8110606060606065,44.92469368976707,79.87233818431953
Assam,6.578571428571428,6.372631578947368,0.20593984962405987,3.2316296191420033,46.79810367502917
Chandigarh,14.325,16.325,-2.0,-12.251148545176111,34.44431492344953
Himachal Pradesh,17.06875,19.128999999999998,-2.0602499999999964,-10.770296408594263,51.819994961097684
Tripura,26.7025,29.009500000000003,-2.307000000000002,-7.952567262448515,21.36951997580487
Jammu & Kashmir,12.888,17.22,-4.331999999999999,-25.156794425087103,34.01355384777807
