Region,Anomalies,COVID_Extremes,COVID_Noteworthy,Unexplained,Data_Quality
Tamil Nadu,10,4,1,5,0
West Bengal,10,4,2,4,0
Maharashtra,10,4,2,4,0
Andhra Pradesh,9,4,1,4,0
Madhya Pradesh,9,4,2,3,0
Karnataka,8,4,0,4,0
Meghalaya,8,3,0,5,0
Odisha,8,4,1,3,0
Himachal Pradesh,8,3,1,4,0
Assam,8,1,2,5,0
Kerala,7,3,2,2,0
Punjab,7,4,1,2,0
Bihar,6,4,1,1,0
Telangana,6,3,1,2,0
Delhi,6,2,0,4,0
Jharkhand,6,4,1,1,0
Chhattisgarh,5,3,1,1,0
Gujarat,5,4,0,1,0
Puducherry,5,3,0,2,0
Sikkim,5,1,1,3,0
Uttar Pradesh,5,4,0,1,0
Rajasthan,4,1,0,3,0
Goa,4,1,0,3,0
Haryana,4,3,0,1,0
Tripura,4,2,1,1,0
Jammu & Kashmir,3,1,0,2,0
Uttarakhand,2,1,1,0,0
Chandigarh,1,0,1,0,0
