Region,Area,Date,Estimated Unemployment Rate (%),Period,IQR_Q1,IQR_Q3,IQR,IQR_Lower_Bound,IQR_Upper_Bound,IQR_Flag,Rolling_Mean_Prior_3,Rolling_SD_Prior_3,Rolling_Z,Rolling_Z_Flag,Anomaly_Flag,Anomaly_Category,Severity
Assam,Urban,2019-07-31,3.21,Pre-COVID,6.5424999999999995,10.25,3.7075000000000005,0.9812499999999984,15.811250000000001,False,8.88,1.428355697996826,-3.969599454779926,True,True,Noteworthy / unexplained,High
Bihar,Rural,2019-07-31,13.44,Pre-COVID,9.747499999999999,14.9025,5.155000000000001,2.014999999999997,22.635,False,9.735,0.657609306503489,5.6340443533250735,True,True,Noteworthy / unexplained,Extreme
Delhi,Urban,2019-07-31,14.68,Pre-COVID,12.95,17.855,4.905000000000001,5.592499999999998,25.212500000000002,False,12.535,0.31819805153394587,6.741084647311762,True,True,Noteworthy / unexplained,Extreme
Goa,Rural,2019-07-31,10.98,Pre-COVID,3.3825000000000003,12.2125,8.83,-9.8625,25.457500000000003,False,4.18,1.7960512242138311,3.78608355280986,True,True,Noteworthy / unexplained,High
Himachal Pradesh,Rural,2019-07-31,20.59,Pre-COVID,14.115,19.235,5.119999999999999,6.435000000000001,26.915,False,12.555,1.590990257669732,5.050313766074586,True,True,Noteworthy / unexplained,Extreme
Karnataka,Rural,2019-07-31,0.52,Pre-COVID,1.49,6.8425,5.3525,-6.53875,14.87125,False,5.720000000000001,0.36769552621700474,-14.142135623730953,True,True,Noteworthy / unexplained,Extreme
Karnataka,Urban,2019-07-31,2.29,Pre-COVID,2.9875,5.84,2.8525,-1.2912500000000007,10.11875,False,5.779999999999999,1.1030865786510136,-3.1638495722321176,True,True,Noteworthy / unexplained,High
Kerala,Urban,2019-07-31,7.58,Pre-COVID,6.245,8.7775,2.5324999999999998,2.4462500000000005,12.57625,False,6.390000000000001,0.395979797464466,3.0052038200428304,True,True,Noteworthy / unexplained,High
Meghalaya,Rural,2019-07-31,1.03,Pre-COVID,1.0925,3.5650000000000004,2.4725,-2.61625,7.273750000000001,False,3.6950000000000003,0.7566042558696061,-3.5223169567516797,True,True,Noteworthy / unexplained,High
Meghalaya,Urban,2019-07-31,4.43,Pre-COVID,4.76,8.4,3.6400000000000006,-0.7000000000000011,13.860000000000001,False,8.530000000000001,0.18384776310850157,-22.301060022037372,True,True,Noteworthy / unexplained,Extreme
Odisha,Urban,2019-07-31,1.78,Pre-COVID,2.2424999999999997,3.915,1.6725000000000003,-0.26625000000000076,6.42375,False,2.79,0.2262741699796954,-4.463611556240077,True,True,Noteworthy / unexplained,High
Punjab,Urban,2019-07-31,11.61,Pre-COVID,10.815000000000001,13.6325,2.817499999999999,6.588750000000003,17.85875,False,13.33,0.2262741699796954,-7.601397897755382,True,True,Noteworthy / unexplained,Extreme
Rajasthan,Urban,2019-07-31,11.67,Pre-COVID,13.184999999999999,18.415,5.23,5.339999999999998,26.259999999999998,False,13.989999999999998,0.523259018078046,-4.433750627980505,True,True,Noteworthy / unexplained,High
Sikkim,Urban,2019-07-31,2.56,Pre-COVID,4.6175,8.57,3.9525000000000006,-1.3112500000000011,14.498750000000001,False,7.9799999999999995,0.31112698372208053,-17.42053979105042,True,True,Noteworthy / unexplained,Extreme
Tamil Nadu,Rural,2019-07-31,6.01,Pre-COVID,1.25,5.4399999999999995,4.1899999999999995,-5.034999999999999,11.724999999999998,False,0.9450000000000001,0.03535533905932737,143.25983386839454,True,True,Noteworthy / unexplained,Extreme
Tamil Nadu,Urban,2019-07-31,3.18,Pre-COVID,1.9075,9.16,7.2525,-8.97125,20.03875,False,1.225,0.47376154339498683,4.126548529014031,True,True,Noteworthy / unexplained,High
Telangana,Urban,2019-07-31,3.73,Pre-COVID,4.1975,6.74,2.5425000000000004,0.38374999999999915,10.55375,False,1.475,0.06363961030678941,35.43390647945914,True,True,Noteworthy / unexplained,Extreme
West Bengal,Urban,2019-07-31,7.91,Pre-COVID,7.255,7.890000000000001,0.6350000000000007,6.302499999999998,8.842500000000001,False,7.3149999999999995,0.09192388155425142,6.472746689323002,True,True,Noteworthy / unexplained,Extreme
Assam,Rural,2019-08-31,5.79,Pre-COVID,4.1375,4.765000000000001,0.6275000000000004,3.1962499999999996,5.706250000000001,True,4.543333333333333,0.46500896048714313,2.6809519226482426,False,True,Noteworthy / unexplained,Moderate
Delhi,Rural,2019-08-31,17.18,Pre-COVID,12.515,17.127499999999998,4.612499999999997,5.596250000000005,24.046249999999993,False,10.986666666666666,1.6166116829137833,3.8310581315176817,True,True,Noteworthy / unexplained,High
Madhya Pradesh,Rural,2019-08-31,4.94,Pre-COVID,3.005,4.8100000000000005,1.8050000000000006,0.297499999999999,7.517500000000002,False,3.9333333333333336,0.31021497922139957,3.2450614383395444,True,True,Noteworthy / unexplained,High
Maharashtra,Urban,2019-08-31,7.57,Pre-COVID,6.3774999999999995,7.7725,1.3950000000000005,4.284999999999998,9.865,False,6.296666666666667,0.19553345834749972,6.51209948463337,True,True,Noteworthy / unexplained,Extreme
Puducherry,Urban,2019-08-31,8.95,Pre-COVID,0.7575,5.045,4.2875,-5.673749999999999,11.47625,False,0.4166666666666667,0.7216878364870322,11.824133513003536,True,True,Noteworthy / unexplained,Extreme
Tamil Nadu,Urban,2019-08-31,9.53,Pre-COVID,1.9075,9.16,7.2525,-8.97125,20.03875,False,1.876666666666667,1.1773841061154737,6.5002859250273595,True,True,Noteworthy / unexplained,Extreme
Andhra Pradesh,Rural,2019-09-30,5.17,Pre-COVID,3.5525,5.0875,1.5350000000000001,1.25,7.390000000000001,False,3.373333333333333,0.3530344647953417,5.089210391139052,True,True,Noteworthy / unexplained,Extreme
Delhi,Urban,2019-09-30,20.59,Pre-COVID,12.95,17.855,4.905000000000001,5.592499999999998,25.212500000000002,False,13.65333333333333,0.9669195071635145,7.173985647487427,True,True,Noteworthy / unexplained,Extreme
Gujarat,Rural,2019-09-30,6.29,Pre-COVID,3.92,6.5525,2.6325000000000003,-0.028750000000000497,10.50125,False,4.3500000000000005,0.5708765190476837,3.398283052938033,True,True,Noteworthy / unexplained,High
Himachal Pradesh,Urban,2019-09-30,12.0,Pre-COVID,13.5375,26.16,12.6225,-5.39625,45.09375,False,22.473333333333333,1.7382845950342278,-6.025097019931369,True,True,Noteworthy / unexplained,Extreme
Kerala,Urban,2019-09-30,5.52,Pre-COVID,6.245,8.7775,2.5324999999999998,2.4462500000000005,12.57625,False,7.3133333333333335,0.5598511706992608,-3.203232264556023,True,True,Noteworthy / unexplained,High
Punjab,Urban,2019-09-30,15.69,Pre-COVID,10.815000000000001,13.6325,2.817499999999999,6.588750000000003,17.85875,False,12.256666666666666,0.8134699338840571,4.220602618882633,True,True,Noteworthy / unexplained,High
Rajasthan,Rural,2019-09-30,5.45,Pre-COVID,9.5275,13.82,4.2925,3.088749999999999,20.25875,False,11.966666666666667,2.0526405757787547,-3.1747724095312195,True,True,Noteworthy / unexplained,High
Uttar Pradesh,Rural,2019-09-30,6.45,Pre-COVID,8.1975,10.912500000000001,2.7150000000000016,4.124999999999997,14.985000000000003,False,10.596666666666668,1.230013550060866,-3.3712365741511334,True,True,Noteworthy / unexplained,High
Haryana,Urban,2019-10-31,21.04,Pre-COVID,23.785,27.215,3.4299999999999997,18.64,32.36,False,25.493333333333336,1.3255313400041997,-3.3596590279934286,True,True,Noteworthy / unexplained,High
Jammu & Kashmir,Rural,2019-10-31,19.27,Pre-COVID,12.434999999999999,19.119999999999997,6.684999999999999,2.4075000000000006,29.147499999999994,False,12.36,1.1980400661079742,5.767753679931796,True,True,Noteworthy / unexplained,Extreme
Karnataka,Rural,2019-10-31,7.13,Pre-COVID,1.49,6.8425,5.3525,-6.53875,14.87125,False,1.3633333333333333,1.5923672105809459,3.6214427352864194,True,True,Noteworthy / unexplained,High
Madhya Pradesh,Urban,2019-10-31,4.4,Pre-COVID,5.0125,7.285,2.2725,1.6037500000000002,10.69375,False,7.066666666666667,0.2858904218985583,-9.327583096200659,True,True,Noteworthy / unexplained,Extreme
Meghalaya,Rural,2019-10-31,3.7,Pre-COVID,1.0925,3.5650000000000004,2.4725,-2.61625,7.273750000000001,False,0.5966666666666667,0.4005413004090042,7.747848549361653,True,True,Noteworthy / unexplained,Extreme
Sikkim,Urban,2019-10-31,9.68,Pre-COVID,4.6175,8.57,3.9525000000000006,-1.3112500000000011,14.498750000000001,False,4.0633333333333335,1.3019344581557606,4.314093256754942,True,True,Noteworthy / unexplained,High
West Bengal,Rural,2019-10-31,6.78,Pre-COVID,5.59,6.7875,1.1974999999999998,3.79375,8.583749999999998,False,5.486666666666667,0.19731531449265108,6.554652570474973,True,True,Noteworthy / unexplained,Extreme
Andhra Pradesh,Urban,2019-11-30,7.54,Pre-COVID,5.645,7.795,2.1500000000000004,2.419999999999999,11.02,False,5.1066666666666665,0.7836027905344224,3.1053147879600886,True,True,Noteworthy / unexplained,High
Assam,Urban,2019-11-30,6.31,Pre-COVID,6.5424999999999995,10.25,3.7075000000000005,0.9812499999999984,15.811250000000001,False,10.273333333333333,0.960329804459558,-4.127054387907671,True,True,Noteworthy / unexplained,High
Goa,Rural,2019-11-30,23.71,Pre-COVID,3.3825000000000003,12.2125,8.83,-9.8625,25.457500000000003,False,4.266666666666667,2.6761228173111427,7.265486175581878,True,True,Noteworthy / unexplained,Extreme
Goa,Urban,2019-11-30,25.2,Pre-COVID,4.6475,12.565000000000001,7.917500000000001,-7.2287500000000025,24.441250000000004,True,6.79,4.858981374732775,3.7888599647107064,True,True,Noteworthy / unexplained,High
Himachal Pradesh,Rural,2019-11-30,22.86,Pre-COVID,14.115,19.235,5.119999999999999,6.435000000000001,26.915,False,16.78333333333333,1.540984533774861,3.943366421583095,True,True,Noteworthy / unexplained,High
Jammu & Kashmir,Urban,2019-11-30,14.29,Pre-COVID,14.29,21.1325,6.842500000000001,4.026249999999997,31.396250000000002,False,21.83,2.104019961882491,-3.583616190244637,True,True,Noteworthy / unexplained,High
Meghalaya,Urban,2019-11-30,3.02,Pre-COVID,4.76,8.4,3.6400000000000006,-0.7000000000000011,13.860000000000001,False,6.1000000000000005,0.9848857801796125,-3.1272661886115407,True,True,Noteworthy / unexplained,High
Odisha,Urban,2019-11-30,2.23,Pre-COVID,2.2424999999999997,3.915,1.6725000000000003,-0.26625000000000076,6.42375,False,3.926666666666667,0.5158811232574176,-3.2888713895043096,True,True,Noteworthy / unexplained,High
Sikkim,Rural,2019-11-30,13.11,Pre-COVID,1.0,5.81,4.81,-6.215,13.024999999999999,True,,,,False,True,Noteworthy / unexplained,Moderate
West Bengal,Urban,2019-11-30,6.61,Pre-COVID,7.255,7.890000000000001,0.6350000000000007,6.302499999999998,8.842500000000001,False,7.63,0.31240998703626705,-3.264940438288837,True,True,Noteworthy / unexplained,High
Chhattisgarh,Urban,2019-12-31,3.57,Pre-COVID,8.2375,11.395,3.157499999999999,3.5012500000000024,16.131249999999998,False,9.350000000000001,0.9796427920420785,-5.900109761387122,True,True,Noteworthy / unexplained,Extreme
Jharkhand,Rural,2019-12-31,15.15,Pre-COVID,7.112500000000001,14.377500000000001,7.265000000000001,-3.785,25.275000000000002,False,7.253333333333333,0.7588368291888141,10.406277559179742,True,True,Noteworthy / unexplained,Extreme
Karnataka,Urban,2019-12-31,1.56,Pre-COVID,2.9875,5.84,2.8525,-1.2912500000000007,10.11875,False,3.626666666666667,0.22052966542696634,-9.371377146314552,True,True,Noteworthy / unexplained,Extreme
Maharashtra,Urban,2019-12-31,7.83,Pre-COVID,6.3774999999999995,7.7725,1.3950000000000005,4.284999999999998,9.865,False,7.57,0.051961524227082376,5.003702332975206,True,True,Noteworthy / unexplained,Extreme
Puducherry,Urban,2019-12-31,5.21,Pre-COVID,0.7575,5.045,4.2875,-5.673749999999999,11.47625,False,1.2533333333333332,0.10408329997330423,38.01442371332857,True,True,Noteworthy / unexplained,Extreme
Rajasthan,Urban,2019-12-31,18.04,Pre-COVID,13.184999999999999,18.415,5.23,5.339999999999998,26.259999999999998,False,13.316666666666668,0.8736322643614598,5.40654635367162,True,True,Noteworthy / unexplained,Extreme
Tamil Nadu,Rural,2019-12-31,3.73,Pre-COVID,1.25,5.4399999999999995,4.1899999999999995,-5.034999999999999,11.724999999999998,False,1.876666666666667,0.5204164998665336,3.5612501406251345,True,True,Noteworthy / unexplained,High
Tamil Nadu,Urban,2019-12-31,8.05,Pre-COVID,1.9075,9.16,7.2525,-8.97125,20.03875,False,1.8800000000000006,0.7601973427998826,8.116313557839172,True,True,Noteworthy / unexplained,Extreme
Telangana,Rural,2019-12-31,1.35,Pre-COVID,2.965,7.085,4.12,-3.215,13.265,False,6.416666666666667,0.901184405842298,-5.622230737482716,True,True,Noteworthy / unexplained,Extreme
Delhi,Urban,2020-01-31,22.45,Pre-COVID,12.95,17.855,4.905000000000001,5.592499999999998,25.212500000000002,False,13.196666666666667,2.6104661141898307,3.544705400707775,True,True,Noteworthy / unexplained,High
Himachal Pradesh,Urban,2020-01-31,18.15,Pre-COVID,13.5375,26.16,12.6225,-5.39625,45.09375,False,25.453333333333333,1.7538053863907737,-4.164278083535344,True,True,Noteworthy / unexplained,High
Madhya Pradesh,Rural,2020-01-31,3.66,Pre-COVID,3.005,4.8100000000000005,1.8050000000000006,0.297499999999999,7.517500000000002,False,2.8800000000000003,0.139999999999995,5.571428571428769,True,True,Noteworthy / unexplained,Extreme
Maharashtra,Urban,2020-01-31,6.67,Pre-COVID,6.3774999999999995,7.7725,1.3950000000000005,4.284999999999998,9.865,False,7.646666666666666,0.16502525059315942,-5.918286220782447,True,True,Noteworthy / unexplained,Extreme
Odisha,Rural,2020-01-31,1.81,Pre-COVID,3.8025,4.717499999999999,0.9149999999999991,2.4300000000000015,6.089999999999998,True,4.5566666666666675,0.24090108620206047,-11.401636704796124,True,True,Noteworthy / unexplained,Extreme
Tripura,Rural,2020-01-31,31.91,Pre-COVID,25.31,29.985,4.675000000000001,18.2975,36.9975,False,26.439999999999998,1.147649772360896,4.766262436272132,True,True,Noteworthy / unexplained,High
Andhra Pradesh,Rural,2020-02-29,5.91,Pre-COVID,3.5525,5.0875,1.5350000000000001,1.25,7.390000000000001,False,4.446666666666666,0.3646002377033423,4.013528193374294,True,True,Noteworthy / unexplained,High
Andhra Pradesh,Urban,2020-02-29,5.66,Pre-COVID,5.645,7.795,2.1500000000000004,2.419999999999999,11.02,False,7.510000000000001,0.3858756276314912,-4.7942908738634795,True,True,Noteworthy / unexplained,High
Assam,Rural,2020-02-29,3.26,Pre-COVID,4.1375,4.765000000000001,0.6275000000000004,3.1962499999999996,5.706250000000001,False,4.533333333333333,0.2107921567168294,-6.04070546630387,True,True,Noteworthy / unexplained,Extreme
Assam,Urban,2020-02-29,9.98,Pre-COVID,6.5424999999999995,10.25,3.7075000000000005,0.9812499999999984,15.811250000000001,False,6.19,1.1148542505637287,3.3995475176092103,True,True,Noteworthy / unexplained,High
Maharashtra,Urban,2020-02-29,5.34,Pre-COVID,6.3774999999999995,7.7725,1.3950000000000005,4.284999999999998,9.865,False,7.366666666666667,0.6141932377789052,-3.299721556680861,True,True,Noteworthy / unexplained,High
Meghalaya,Rural,2020-02-29,2.76,Pre-COVID,1.0925,3.5650000000000004,2.4725,-2.61625,7.273750000000001,False,1.4233333333333331,0.42027768598075077,3.1804369141022817,True,True,Noteworthy / unexplained,High
West Bengal,Rural,2020-02-29,3.78,Pre-COVID,5.59,6.7875,1.1974999999999998,3.79375,8.583749999999998,True,6.136666666666667,0.5661566332149895,-4.162570088217544,True,True,Noteworthy / unexplained,High
