Region,PC1,PC2
Andhra Pradesh,0.49045043681391026,-0.8662548857344983
Assam,-1.7082757597631801,-0.6589871613805968
Bihar,1.6969311868874035,0.6342502009316616
Chandigarh,-1.7838743169069873,-1.0665886399374473
Chhattisgarh,-0.46652167428271085,-0.5182273485809183
Delhi,0.13499504497194584,-0.40956679269883556
Goa,-0.26868128126469065,-0.7401555325807319
Gujarat,-0.7102352707270659,-0.12456319725968466
Haryana,0.1474535408094588,1.8124052110394202
Himachal Pradesh,-1.7124423136687323,0.16126337706383562
Jammu & Kashmir,-2.117260216244082,-0.8049271889060393
Jharkhand,2.3839113086952453,1.720964547785133
Karnataka,1.0145706699402894,-0.10392915631815206
Kerala,1.1031619689586438,-1.5380457072801028
Madhya Pradesh,0.8060983976169461,-0.893767159616913
Maharashtra,-0.08223050321650381,-0.5395559461559928
Meghalaya,-1.8727699743035433,1.6951740898411858
Odisha,0.49237469790161287,-1.3956907970469086
Puducherry,6.48384779389409,1.42442035119357
Punjab,-0.6828940620013846,-0.5603760037894168
Rajasthan,-0.6005146528130344,-0.4024878035310918
Sikkim,-1.0178152803603657,-0.15324203964311578
Tamil Nadu,3.37068334566677,0.1850944701755566
Telangana,0.16710218359285645,1.7351889307629178
Tripura,-3.6093420465051844,4.345146148026282
Uttar Pradesh,-0.38713005549257656,-0.5063038235432903
Uttarakhand,-0.3724289567491926,-2.35478586958138
West Bengal,-0.8991642114499376,-0.07645227323444169
