Model,Test_Period,Forecasts,MAE,RMSE,Mean_Error
Drift,COVID,4,6.946732194914767,9.58907852311238,-0.2602032394946878
Naive,COVID,4,6.970567813540512,9.189636595287599,0.48472075471698073
Simple Exponential Smoothing,COVID,4,7.086608471065171,9.318126153020629,0.6007614214336132
Holt Linear,COVID,4,9.950263730310542,11.361825284487626,-3.0559255011743254
"ARIMA(1,1,0)",COVID,4,16.862815473747638,22.164897435101544,-9.784832514418378
AR(1),COVID,4,23.336159702631022,33.46305009186195,-16.158745737477766
AR(2),COVID,4,36.857039324131534,47.68367078280905,-29.8832288026778
Holt Linear,Pre-COVID,2,0.061532008018979845,0.06153275337920375,0.0003028656106431882
Naive,Pre-COVID,2,0.2336792452830192,0.3207515260662591,0.2336792452830192
Drift,Pre-COVID,2,0.24249085928920788,0.2714024306026897,0.12189119122491743
"ARIMA(1,1,0)",Pre-COVID,2,0.2709377103541204,0.2797027204309431,0.2709377103541204
AR(2),Pre-COVID,2,0.2892600901059117,0.30431861399139554,0.2892600901059117
Simple Exponential Smoothing,Pre-COVID,2,0.3017640787023925,0.3126657319426605,0.3017640787023925
AR(1),Pre-COVID,2,0.4349714622154446,0.4369845178704707,0.4349714622154446
